<?xml version="1.0" ?>
<manifest identifier="Awxy719Rpjknd5sdOvfg5FTFT9NKjOZV4qJ_-mfe" version="1"
  xmlns="http://www.imsproject.org/xsd/imscp_rootv1p1p2"
  xmlns:adlcp="http://www.adlnet.org/xsd/adlcp_rootv1p2"
  xmlns:xsi="http://www.w3.org/2001/XMLSchema-instance"
  xsi:schemaLocation="http://www.imsproject.org/xsd/imscp_rootv1p1p2 imscp_rootv1p1p2.xsd
                      http://www.imsglobal.org/xsd/imsmd_rootv1p2p1 imsmd_rootv1p2p1.xsd
                      http://www.adlnet.org/xsd/adlcp_rootv1p2 adlcp_rootv1p2.xsd">
  <metadata>
    <schema>ADL SCORM</schema>
    <schemaversion>1.2</schemaversion>
    <adlcp:location>metadata.xml</adlcp:location>
  </metadata>
  <organizations default="articulate_rise">
      <organization identifier="articulate_rise">
      <title>Workday Learning Instructor Certification - Portfolio Copy</title>
      <item identifier="i1" identifierref="r1" isvisible="true">
        <title>Workday Learning Instructor Certification - Portfolio Copy</title>
        <adlcp:datafromlms>eyJjcHYiOiI0cUpfLW1mZSJ9</adlcp:datafromlms>
      </item>
    </organization>
  </organizations>
  <resources>
    <resource identifier="r1" type="webcontent" adlcp:scormtype="sco" href="scormdriver/indexAPI.html">
      <!-- SCORMDRIVER STUFF -->
      <file href="scormdriver/indexAPI.html" />
      <file href="scormdriver/preloadIntegrity.js" />
      <file href="scormdriver/driverOptions.js" />
      <file href="scormdriver/AICCComm.html" />
      <file href="scormdriver/auto-scripts/AutoBookmark.js" />
      <file href="scormdriver/auto-scripts/AutoCompleteSCO.js" />
      <file href="scormdriver/auto-scripts/CourseExit.js" />
      <file href="scormdriver/blank.html" />
      <file href="scormdriver/goodbye.html" />
      <file href="scormdriver/scormdriver.js" />
      <file href="scormdriver/browsersniff.js" />

      <!-- RUNTIME COMMON STUFF -->
      <file href="scormcontent/index.html" />
      <file href="scormcontent/lib/main.bundle.js"/>

      
        <file href="scormcontent/lib/fonts/icomoon.ttf"/>
        <file href="scormcontent/lib/fonts/icomoon.woff"/>

        <file href="scormcontent/lib/icomoon.css"/>
        <file href="scormcontent/lib/main.bundle.css"/>
        <file href="scormcontent/lib/player-0.0.11.min.js"/>
        <file href="scormcontent/lib/lzwcompress.js"/>
      

      <!-- RUNTIME CONTENT STUFF -->
      <file href="scormcontent/lib/fonts/Raleway-Black.woff" />
<file href="scormcontent/lib/fonts/Raleway-Italic.woff" />
<file href="scormcontent/lib/fonts/Raleway-Bold.woff" />
<file href="scormcontent/lib/fonts/Raleway-Regular.woff" />
<file href="scormcontent/lib/fonts/Raleway-Light.woff" />
<file href="scormcontent/lib/fonts/Lato-Black.woff" />
<file href="scormcontent/lib/fonts/Lato-Italic.woff" />
<file href="scormcontent/lib/fonts/Lato-Bold.woff" />
<file href="scormcontent/lib/fonts/Lato-Regular.woff" />
<file href="scormcontent/lib/fonts/Lato-Light.woff" />
<file href="scormcontent/assets/HUYsakT4wxzWIIOm_small.png" />
<file href="scormcontent/assets/1emhrMcivI6CrVr8_qy1_vWwqFnXFGbvG.jpg" />
<file href="scormcontent/assets/Swm8LEuoAb2NvDLb_jF06D0scFgJhfiqH.jpg" />
<file href="scormcontent/assets/6o0pOFjx9xmYC7l5_VmWTyjH_glRQaOFE.jpg" />
<file href="scormcontent/assets/6yM7rGO05ob7TvOW_m0dGg_iHT6QdQ_p2.jpg" />
<file href="scormcontent/assets/F04qtVY4apTbcabl_5QAtBSHhih5A_OJa.jpg" />
<file href="scormcontent/assets/L_PMhGxqYiuWO5YM_GoDkwFuYgofjuSlF.jpg" />
<file href="scormcontent/assets/JgeR0Y6M2USmjrp7_67RGABoXV3fdt2ZE.png" />
<file href="scormcontent/assets/3hVfL3XeaIdHZgJ9_RLn1zMQywQK4EJOA.png" />
<file href="scormcontent/assets/nD8QeR9-rTKuUf46_1VXqNMbzVwOHy0IA.png" />
<file href="scormcontent/assets/SrTTA9L6mgWfAE_8_I2c69VKUOBYOvrqB.jpg" />
<file href="scormcontent/assets/OmEzuJM7oFGiO8C4_4VlC42-Ek2EWrh_9.jpg" />
<file href="scormcontent/assets/SCt2OmLS1xfrVTpo_Zh8Nfxx96aviL9yj.jpg" />
<file href="scormcontent/assets/22py-NHG9M2kN6VF_cLuOQfkYPyjUIA1M.png" />
<file href="scormcontent/assets/qaHfIO4ZfEXEtGiN_nlqSwrQLpAKMr402.jpg" />
<file href="scormcontent/assets/a12_jINw_Qoge4x9_60CTX6dj3osHDp4G.jpg" />
<file href="scormcontent/assets/RNq_Wjx18GAgBHyH_eDP0BjUws3GHAEfx.jpg" />
<file href="scormcontent/assets/mEtyP_TmOQHReSWn_Ecv79qg_6EDEHsy2.jpg" />
<file href="scormcontent/assets/Ua1s7B17PA-aR1lQ_HOwF186O6xLRDFGL.png" />
<file href="scormcontent/assets/g7_wCXLFXvnwlzT-_qUj5QMx9pN29xMKf.jpg" />
<file href="scormcontent/assets/ZmK6hOBYZxc9zmgy_182_full.png" />
<file href="scormcontent/assets/l9Ac56pnfV8rdXQn_109_full.png" />
<file href="scormcontent/assets/LQhqk3kCRK0W36Jb_166_full.png" />
<file href="scormcontent/assets/J-az1mRT6ouXo5JK_192_full.png" />
<file href="scormcontent/assets/M2fIsHaIAfhiqNvy_107_full.png" />
<file href="scormcontent/assets/FDaZoYiJgIsM3OAy_163_full.png" />
<file href="scormcontent/assets/ODeNPGwiSxXk0ZjC_203_full.png" />
<file href="scormcontent/assets/vHUCpsZezK86ahjg_180_full.png" />
<file href="scormcontent/assets/D8NQMpLYMkNJba-f_224_full.png" />
<file href="scormcontent/assets/PHjHxHOWUzFXCi3g_226_full.png" />
<file href="scormcontent/assets/rH1a9kf_OA_QJhr2_190_full.png" />
<file href="scormcontent/assets/89ExYdx-iPVPYJ7P_218_full.png" />

    </resource>
  </resources>
</manifest>
